Interação,Resultado
1,1.5415435405682276
2,1.58798747768823
3,1.5921874665178182
4,1.5921428980776933
5,1.5921429370577285
