Interação,Resultado
1,2.6
2,2.6932515337423313
3,2.7071928657142923
4,2.7065239505340752
5,2.706527953295662
6,2.706527954497937
