Interação,Resultado
1,0.6850733573260451
2,0.736298997613654
3,0.7391193619116293
4,0.7390851121274639
5,0.7390851332150012
