Interação,Resultado
1,0.4382662208122976
2,0.3325262901721619
3,0.35798235595981215
4,0.35740690574934914
5,0.3574029555447807
6,0.35740295618138956
