Interação,Resultado
1,2.5
2,2.75
3,2.625
4,2.6875
5,2.71875
6,2.703125
7,2.7109375
