Interação,Resultado
1,0.5
2,0.75
3,0.625
4,0.6875
5,0.71875
6,0.734375
7,0.7421875
