Interação,Resultado
1,0.5
2,0.25
3,0.375
4,0.3125
5,0.34375
6,0.359375
7,0.3515625
