Interação,Resultado
1,0.5
2,0.75
3,0.625
4,0.6875
5,0.71875
6,0.734375
7,0.7421875
8,0.73828125
9,0.740234375
10,0.7392578125
11,0.73876953125
12,0.739013671875
13,0.7391357421875
14,0.73907470703125
15,0.739105224609375
16,0.7390899658203125
17,0.7390823364257812
18,0.7390861511230469
19,0.7390842437744141
20,0.7390851974487305
