Interação,Resultado
1,1.5
2,1.75
3,1.625
4,1.5625
5,1.59375
6,1.578125
7,1.5859375
