Interação,Resultado
1,0.9999619230641713
2,0.9998477067544795
3,0.9998477415416795
