Interação,Resultado
1,1.5415435405682276
2,1.58798747768823
3,1.591803480449598
4,1.5921152194072066
5,1.5921406739110198
6,1.5921427522726121
