Interação,Resultado
1,2.6
2,2.6932515337423317
3,2.7049183969257933
4,2.706333486962574
5,2.706504468564353
6,2.706525118232868
7,2.7065276119801087
8,2.7065279131342495
9,2.706527949502708
10,2.706527953894694
11,2.706527954425085
12,2.706527954489138
