Interação,Resultado
1,0.43826622081229755
2,0.3642967240536711
3,0.35796587885338726
4,0.3574487565833543
5,0.3574066814850146
6,0.3574032591820904
7,0.35740298082615746
8,0.35740295818588763
9,0.35740295634442615
10,0.3574029561946496
