Interação,Resultado
1,0.9998477183496242
2,0.9998477415310875
