Interação,Resultado
1,0.6850733573260451
2,0.736298997613654
3,0.7389453559657132
4,0.7390781308800257
5,0.7390847824489231
