Interação,Resultado
1,2.7288135593220337
2,2.7067490490510955
3,2.7065279765747587
