Interação,Resultado
1,0.7552224171056364
2,0.7391416661498792
3,0.7390851339208068
