Interação,Resultado
1,1.593964061425046
2,1.592143635124366
3,1.5921429370581965
