Interação,Resultado
1,0.35060098365944464
2,0.35739019602480937
3,0.3574029561361101
